OrderID,OrderDate,CustomerName,Region,Segment,Category,ProductName,Quantity,Sales,Discount,Profit
1,2024-10-16,Customer_70,North,Consumer,Office Supplies,Printer,4,485.26,0.0,67.14
2,2023-03-31,Customer_26,West,Consumer,Furniture,Chair,4,503.69,0.2,-94.06
3,2024-10-27,Customer_44,West,Consumer,Technology,Printer,1,1529.67,0.05,228.03
4,2023-10-12,Customer_78,South,Consumer,Technology,Chair,2,790.86,0.1,176.95
5,2023-09-28,Customer_80,North,Home Office,Technology,Chair,7,203.66,0.1,43.73
6,2024-01-06,Customer_13,South,Home Office,Furniture,Laptop,4,1557.48,0.0,354.57
7,2024-01-25,Customer_90,East,Corporate,Office Supplies,Binder,3,771.85,0.05,104.27
8,2024-11-30,Customer_35,North,Home Office,Office Supplies,Table,9,1471.8,0.05,45.82
9,2024-10-17,Customer_9,South,Home Office,Technology,Laptop,4,1652.52,0.1,0.96
10,2023-08-05,Customer_18,East,Consumer,Office Supplies,Keyboard,7,1775.13,0.15,-228.22
11,2023-09-10,Customer_18,East,Home Office,Office Supplies,Monitor,10,828.83,0.05,247.54
12,2024-06-05,Customer_50,West,Consumer,Furniture,Chair,3,1273.52,0.15,125.07
13,2024-01-26,Customer_99,West,Home Office,Technology,Laptop,2,1379.34,0.2,241.99
14,2024-10-18,Customer_98,East,Consumer,Technology,Monitor,3,934.76,0.1,267.29
15,2023-07-02,Customer_100,North,Home Office,Technology,Phone,3,779.13,0.05,54.3
16,2024-06-27,Customer_40,North,Home Office,Technology,Keyboard,1,268.14,0.1,64.18
17,2023-09-03,Customer_69,North,Consumer,Office Supplies,Chair,2,1477.22,0.0,426.91
18,2023-05-09,Customer_28,South,Home Office,Technology,Table,5,1078.96,0.2,12.48
19,2024-07-06,Customer_32,South,Home Office,Technology,Monitor,6,904.3,0.2,23.28
20,2023-08-19,Customer_8,North,Corporate,Furniture,Phone,10,479.42,0.0,73.79
21,2023-08-23,Customer_17,North,Consumer,Technology,Chair,9,514.11,0.15,-47.75
22,2024-08-07,Customer_53,West,Consumer,Technology,Monitor,4,233.94,0.15,-5.35
23,2024-04-23,Customer_14,North,Home Office,Office Supplies,Chair,1,835.11,0.1,167.27
24,2023-09-12,Customer_10,South,Consumer,Office Supplies,Keyboard,3,872.67,0.1,27.33
25,2024-03-29,Customer_63,North,Consumer,Office Supplies,Laptop,2,1856.42,0.05,-216.91
26,2024-05-07,Customer_59,South,Corporate,Furniture,Table,7,54.2,0.15,-3.65
27,2023-10-20,Customer_75,West,Home Office,Office Supplies,Keyboard,3,420.3,0.05,119.51
28,2024-07-09,Customer_68,North,Home Office,Technology,Laptop,1,1189.15,0.2,308.81
29,2023-06-11,Customer_73,North,Home Office,Furniture,Table,2,1210.32,0.05,2.28
30,2023-09-10,Customer_27,North,Home Office,Furniture,Monitor,10,1152.19,0.1,308.04
31,2024-11-16,Customer_97,East,Consumer,Technology,Monitor,3,1359.8,0.1,38.91
32,2023-03-16,Customer_45,North,Corporate,Office Supplies,Chair,2,1098.39,0.2,-74.03
33,2023-03-12,Customer_84,South,Corporate,Technology,Table,8,1675.8,0.1,177.36
34,2024-06-25,Customer_14,North,Home Office,Office Supplies,Printer,2,1880.91,0.05,-127.46
35,2024-07-20,Customer_33,South,Corporate,Technology,Phone,6,447.01,0.1,23.56
36,2023-02-22,Customer_34,North,Home Office,Technology,Printer,1,56.91,0.05,6.75
37,2023-06-15,Customer_89,West,Home Office,Office Supplies,Monitor,9,68.86,0.0,18.77
38,2023-06-02,Customer_6,North,Corporate,Office Supplies,Table,7,298.52,0.1,-5.28
39,2024-01-02,Customer_96,South,Home Office,Furniture,Chair,6,1571.23,0.15,450.81
40,2023-06-08,Customer_53,South,Consumer,Furniture,Monitor,1,399.75,0.1,76.43
41,2024-11-16,Customer_59,South,Corporate,Furniture,Chair,7,1750.73,0.15,-155.44
42,2023-12-25,Customer_99,East,Consumer,Furniture,Laptop,4,827.01,0.1,192.01
43,2023-10-13,Customer_34,East,Home Office,Office Supplies,Monitor,9,695.74,0.0,-99.02
44,2023-07-02,Customer_66,East,Consumer,Furniture,Monitor,6,1470.66,0.1,26.76
45,2023-04-29,Customer_69,West,Home Office,Furniture,Printer,1,1432.13,0.0,85.87
46,2024-12-04,Customer_39,South,Corporate,Technology,Chair,6,1265.15,0.0,202.27
47,2024-06-03,Customer_54,East,Home Office,Technology,Binder,7,1409.56,0.2,-192.2
48,2024-11-11,Customer_1,West,Home Office,Office Supplies,Table,10,1159.76,0.15,85.79
49,2023-11-08,Customer_95,East,Consumer,Technology,Binder,8,911.48,0.05,50.67
50,2023-06-23,Customer_29,North,Corporate,Office Supplies,Binder,2,1645.93,0.05,224.5
51,2023-07-23,Customer_81,South,Consumer,Furniture,Phone,8,1241.98,0.0,34.41
52,2024-08-12,Customer_1,South,Home Office,Office Supplies,Monitor,8,829.32,0.05,106.18
53,2023-04-20,Customer_60,West,Consumer,Furniture,Keyboard,1,1136.94,0.0,32.1
54,2024-11-14,Customer_61,East,Corporate,Office Supplies,Monitor,9,919.53,0.05,158.0
55,2024-04-05,Customer_10,East,Consumer,Office Supplies,Printer,9,994.96,0.05,-62.39
56,2024-12-31,Customer_30,East,Consumer,Technology,Binder,6,1791.4,0.0,-234.34
57,2024-01-28,Customer_8,South,Home Office,Furniture,Chair,7,844.82,0.2,27.85
58,2023-07-31,Customer_39,West,Corporate,Office Supplies,Laptop,10,791.74,0.0,214.86
59,2024-02-04,Customer_50,West,Home Office,Office Supplies,Phone,8,477.87,0.15,20.46
60,2023-12-11,Customer_51,West,Home Office,Furniture,Keyboard,3,1962.41,0.2,-366.02
61,2024-08-29,Customer_49,North,Consumer,Office Supplies,Monitor,3,1740.36,0.05,-304.32
62,2023-12-02,Customer_11,South,Corporate,Technology,Binder,7,592.6,0.15,-43.77
63,2024-04-26,Customer_84,North,Home Office,Office Supplies,Laptop,6,487.23,0.0,92.87
64,2023-02-11,Customer_15,North,Consumer,Furniture,Laptop,10,347.15,0.05,12.77
65,2024-07-31,Customer_92,South,Corporate,Office Supplies,Printer,6,377.19,0.2,106.32
66,2023-04-28,Customer_92,South,Corporate,Furniture,Laptop,5,1172.8,0.15,-1.96
67,2023-07-23,Customer_77,North,Home Office,Office Supplies,Phone,2,1409.53,0.1,317.35
68,2023-05-04,Customer_54,North,Corporate,Office Supplies,Monitor,6,184.47,0.1,-35.73
69,2024-05-16,Customer_35,North,Corporate,Technology,Keyboard,3,899.2,0.2,254.24
70,2024-09-22,Customer_58,West,Corporate,Technology,Printer,6,1710.84,0.0,-103.57
71,2023-09-07,Customer_28,West,Home Office,Office Supplies,Monitor,6,105.96,0.1,-11.56
72,2023-12-30,Customer_93,East,Corporate,Technology,Printer,9,69.79,0.05,-10.97
73,2024-02-21,Customer_29,West,Home Office,Furniture,Keyboard,8,923.94,0.0,-141.8
74,2024-02-19,Customer_96,South,Corporate,Office Supplies,Binder,8,1129.27,0.1,14.4
75,2024-07-17,Customer_25,East,Corporate,Office Supplies,Keyboard,5,647.91,0.05,-90.49
76,2023-11-20,Customer_76,North,Home Office,Office Supplies,Table,4,471.95,0.15,-29.14
77,2024-06-21,Customer_69,East,Consumer,Furniture,Printer,4,753.72,0.1,-145.41
78,2023-05-10,Customer_2,East,Consumer,Furniture,Printer,3,1293.85,0.15,-192.4
79,2024-08-10,Customer_62,East,Corporate,Technology,Keyboard,6,409.51,0.0,-30.21
80,2023-04-27,Customer_73,North,Corporate,Technology,Chair,10,1277.42,0.0,-158.57
81,2023-11-08,Customer_67,North,Consumer,Furniture,Monitor,10,1212.45,0.2,-105.67
82,2024-01-25,Customer_95,West,Corporate,Technology,Monitor,5,1158.83,0.0,121.46
83,2023-04-12,Customer_21,South,Home Office,Furniture,Printer,2,356.26,0.05,27.07
84,2023-01-03,Customer_90,West,Corporate,Office Supplies,Keyboard,5,113.65,0.1,17.44
85,2024-04-09,Customer_70,North,Home Office,Furniture,Printer,10,1339.31,0.05,16.83
86,2023-08-19,Customer_73,South,Corporate,Furniture,Chair,1,373.55,0.1,36.43
87,2023-10-23,Customer_57,West,Consumer,Technology,Printer,7,1888.22,0.2,132.16
88,2023-03-24,Customer_87,North,Corporate,Office Supplies,Binder,10,538.22,0.0,-46.04
89,2024-08-12,Customer_24,North,Home Office,Technology,Laptop,3,967.48,0.15,249.65
90,2024-08-22,Customer_14,West,Home Office,Technology,Chair,8,728.52,0.1,-28.76
91,2023-06-14,Customer_71,East,Corporate,Office Supplies,Keyboard,5,1342.04,0.15,277.51
92,2023-02-07,Customer_1,West,Consumer,Technology,Printer,6,276.05,0.15,64.17
93,2024-11-04,Customer_98,West,Corporate,Furniture,Phone,9,755.47,0.15,85.14
94,2023-02-22,Customer_81,South,Corporate,Office Supplies,Table,5,904.33,0.15,-125.96
95,2024-09-15,Customer_15,South,Home Office,Furniture,Printer,9,76.67,0.15,-11.76
96,2024-04-17,Customer_62,North,Home Office,Furniture,Keyboard,5,1042.3,0.1,8.07
97,2024-04-28,Customer_18,South,Corporate,Office Supplies,Table,7,421.69,0.2,22.82
98,2023-03-13,Customer_75,East,Corporate,Technology,Printer,1,601.54,0.1,131.58
99,2024-11-06,Customer_42,West,Consumer,Technology,Keyboard,6,698.26,0.2,-7.96
100,2023-07-13,Customer_49,South,Home Office,Technology,Phone,7,135.11,0.15,20.62
101,2024-01-31,Customer_57,South,Corporate,Furniture,Table,9,1932.44,0.1,453.83
102,2023-04-13,Customer_34,West,Consumer,Office Supplies,Table,7,1748.32,0.05,-284.25
103,2023-12-13,Customer_98,West,Home Office,Furniture,Binder,9,791.02,0.1,89.7
104,2024-05-14,Customer_13,North,Home Office,Furniture,Phone,5,1994.98,0.0,33.89
105,2024-10-10,Customer_48,North,Corporate,Furniture,Printer,1,139.68,0.0,-7.45
106,2024-03-17,Customer_11,South,Consumer,Office Supplies,Monitor,10,1379.51,0.05,-158.65
107,2024-09-16,Customer_82,West,Home Office,Office Supplies,Phone,8,1830.02,0.05,-153.55
108,2023-09-18,Customer_57,West,Corporate,Office Supplies,Laptop,8,1807.36,0.2,-218.71
109,2023-12-20,Customer_62,East,Home Office,Technology,Printer,8,1698.34,0.05,508.97
110,2023-04-20,Customer_85,South,Corporate,Office Supplies,Binder,10,626.95,0.1,-118.51
111,2024-02-10,Customer_30,East,Consumer,Office Supplies,Laptop,10,1503.09,0.1,282.39
112,2024-09-13,Customer_81,East,Consumer,Office Supplies,Phone,10,538.72,0.05,61.48
113,2024-10-23,Customer_38,North,Corporate,Technology,Laptop,10,761.48,0.05,-117.98
114,2023-12-01,Customer_35,West,Consumer,Furniture,Table,9,1759.1,0.1,115.09
115,2023-06-18,Customer_29,East,Corporate,Technology,Binder,2,963.25,0.0,-124.86
116,2024-11-23,Customer_48,West,Home Office,Technology,Chair,7,77.14,0.2,-10.66
117,2024-11-19,Customer_72,East,Home Office,Technology,Binder,2,1365.93,0.15,-256.1
118,2023-12-02,Customer_5,South,Home Office,Furniture,Keyboard,5,1316.02,0.0,-171.23
119,2023-11-08,Customer_96,West,Consumer,Furniture,Phone,9,314.54,0.15,-4.56
120,2024-12-14,Customer_36,West,Home Office,Office Supplies,Table,7,1327.1,0.15,143.1
121,2023-02-03,Customer_48,East,Consumer,Technology,Keyboard,4,1718.13,0.0,499.05
122,2024-07-11,Customer_28,East,Consumer,Technology,Printer,4,1938.0,0.15,-298.77
123,2024-10-19,Customer_98,North,Consumer,Technology,Phone,3,1584.61,0.05,-262.56
124,2024-07-21,Customer_19,South,Home Office,Furniture,Phone,6,1560.02,0.2,-309.79
125,2023-05-14,Customer_3,East,Consumer,Furniture,Laptop,3,78.98,0.05,7.46
126,2023-06-28,Customer_100,East,Consumer,Furniture,Monitor,9,271.62,0.0,10.35
127,2024-01-06,Customer_83,North,Corporate,Office Supplies,Phone,10,134.56,0.2,-6.62
128,2023-02-01,Customer_11,North,Corporate,Technology,Monitor,2,1006.02,0.15,-164.24
129,2023-11-26,Customer_49,South,Consumer,Furniture,Printer,10,1284.5,0.2,200.48
130,2024-09-03,Customer_84,East,Corporate,Office Supplies,Monitor,2,1596.54,0.0,361.45
131,2024-07-18,Customer_94,South,Corporate,Technology,Phone,7,710.92,0.15,-0.45
132,2023-04-08,Customer_11,East,Corporate,Technology,Printer,6,1909.51,0.15,-317.81
133,2023-04-06,Customer_72,West,Consumer,Office Supplies,Binder,3,1134.92,0.2,315.86
134,2023-12-04,Customer_14,North,Corporate,Technology,Monitor,1,1938.38,0.2,-84.85
135,2024-08-14,Customer_48,South,Consumer,Office Supplies,Keyboard,4,1702.19,0.1,379.06
136,2023-04-28,Customer_83,East,Home Office,Furniture,Monitor,9,1950.37,0.2,208.27
137,2024-07-24,Customer_45,North,Home Office,Office Supplies,Printer,1,401.81,0.1,104.78
138,2023-01-07,Customer_68,South,Consumer,Office Supplies,Monitor,2,326.66,0.0,-50.35
139,2023-08-09,Customer_73,West,Corporate,Technology,Binder,3,771.6,0.1,145.38
140,2024-09-02,Customer_85,North,Consumer,Furniture,Table,10,147.04,0.0,-9.4
141,2024-03-10,Customer_56,West,Home Office,Technology,Monitor,5,470.36,0.2,-67.3
142,2023-04-24,Customer_77,East,Home Office,Office Supplies,Keyboard,9,1350.91,0.0,-121.23
143,2023-02-26,Customer_1,North,Consumer,Technology,Phone,3,1540.11,0.1,-55.35
144,2024-05-24,Customer_86,West,Consumer,Furniture,Monitor,9,1422.16,0.2,112.87
145,2023-12-29,Customer_74,North,Corporate,Office Supplies,Laptop,7,86.55,0.0,20.0
146,2024-03-15,Customer_22,West,Home Office,Office Supplies,Monitor,5,274.59,0.0,77.74
147,2024-09-24,Customer_52,West,Home Office,Technology,Chair,7,1696.74,0.05,30.27
148,2024-06-20,Customer_82,North,Corporate,Technology,Binder,4,699.48,0.05,-113.18
149,2023-04-27,Customer_78,South,Corporate,Technology,Table,4,250.47,0.1,-25.39
150,2023-06-06,Customer_73,North,Consumer,Office Supplies,Keyboard,8,1521.17,0.2,37.2
151,2024-10-20,Customer_36,East,Home Office,Technology,Table,8,183.16,0.15,21.19
152,2024-08-28,Customer_37,North,Corporate,Office Supplies,Chair,5,950.4,0.0,-163.05
153,2023-03-20,Customer_74,North,Home Office,Office Supplies,Monitor,8,1181.64,0.0,29.38
154,2024-10-29,Customer_44,South,Corporate,Office Supplies,Keyboard,9,344.18,0.0,8.69
155,2023-03-28,Customer_48,South,Consumer,Furniture,Keyboard,8,1071.93,0.2,-129.3
156,2023-10-17,Customer_50,West,Corporate,Technology,Laptop,6,178.53,0.0,14.1
157,2023-10-18,Customer_40,East,Home Office,Office Supplies,Table,6,208.93,0.05,53.98
158,2024-11-02,Customer_86,West,Consumer,Office Supplies,Chair,5,1139.9,0.1,235.49
159,2024-12-20,Customer_28,North,Home Office,Office Supplies,Monitor,9,755.56,0.1,-34.43
160,2023-12-16,Customer_70,West,Consumer,Furniture,Table,3,200.47,0.0,10.79
161,2024-06-23,Customer_89,North,Home Office,Technology,Table,10,784.6,0.05,-85.97
162,2024-10-01,Customer_79,South,Home Office,Technology,Laptop,7,760.38,0.05,216.55
163,2023-10-19,Customer_25,West,Consumer,Office Supplies,Phone,5,1932.91,0.15,487.07
164,2024-01-12,Customer_78,West,Corporate,Technology,Monitor,9,1078.55,0.05,224.82
165,2023-05-22,Customer_67,East,Consumer,Office Supplies,Keyboard,6,1131.35,0.0,176.15
166,2023-05-08,Customer_12,East,Consumer,Furniture,Printer,8,1815.35,0.05,391.25
167,2023-08-16,Customer_11,West,Corporate,Furniture,Monitor,1,823.09,0.1,-67.58
168,2024-01-19,Customer_61,South,Consumer,Technology,Chair,6,1593.19,0.05,-288.13
169,2024-12-13,Customer_28,South,Home Office,Technology,Keyboard,10,60.24,0.0,-11.48
170,2023-06-03,Customer_80,West,Consumer,Technology,Phone,5,287.6,0.05,2.85
171,2024-04-13,Customer_1,North,Consumer,Technology,Laptop,9,1171.34,0.05,-63.68
172,2024-09-21,Customer_47,East,Consumer,Office Supplies,Monitor,3,1345.52,0.0,83.08
173,2023-03-11,Customer_46,North,Corporate,Technology,Laptop,7,1963.03,0.1,340.9
174,2023-03-11,Customer_46,East,Consumer,Office Supplies,Chair,10,1483.61,0.1,-197.76
175,2024-07-13,Customer_100,East,Home Office,Furniture,Keyboard,8,1281.88,0.05,-215.93
176,2024-04-13,Customer_66,North,Corporate,Furniture,Laptop,4,1777.29,0.1,473.98
177,2024-02-12,Customer_43,West,Corporate,Furniture,Phone,5,746.1,0.0,173.77
178,2023-10-07,Customer_24,North,Corporate,Technology,Monitor,8,1794.54,0.15,-54.7
179,2024-05-23,Customer_24,West,Corporate,Office Supplies,Printer,2,1467.81,0.0,22.46
180,2024-07-12,Customer_92,East,Corporate,Furniture,Chair,6,1338.79,0.1,30.74
181,2024-03-12,Customer_56,South,Home Office,Technology,Binder,8,132.59,0.1,14.24
182,2023-10-09,Customer_19,North,Consumer,Office Supplies,Monitor,6,1050.52,0.05,290.36
183,2024-09-14,Customer_73,West,Consumer,Furniture,Chair,4,1568.1,0.1,-29.68
184,2023-02-03,Customer_68,South,Home Office,Technology,Binder,6,915.68,0.0,79.63
185,2024-01-11,Customer_64,West,Corporate,Office Supplies,Printer,4,1923.01,0.0,322.75
186,2024-06-14,Customer_37,West,Home Office,Furniture,Printer,5,1422.87,0.05,424.28
187,2024-12-11,Customer_88,West,Consumer,Furniture,Table,2,931.48,0.15,278.17
188,2023-11-24,Customer_66,East,Home Office,Furniture,Printer,5,1710.16,0.05,336.64
189,2023-08-18,Customer_60,North,Consumer,Furniture,Phone,8,101.25,0.2,8.72
190,2024-07-18,Customer_99,South,Home Office,Furniture,Chair,5,826.41,0.15,51.94
191,2024-02-24,Customer_100,North,Consumer,Technology,Chair,8,958.37,0.2,-26.59
192,2024-07-18,Customer_42,South,Consumer,Technology,Laptop,2,1060.3,0.1,-124.77
193,2024-12-27,Customer_81,South,Corporate,Office Supplies,Printer,2,538.68,0.2,-33.82
194,2023-11-07,Customer_80,North,Home Office,Office Supplies,Table,10,1886.13,0.05,-215.77
195,2024-09-11,Customer_27,East,Home Office,Furniture,Laptop,2,138.65,0.2,-9.38
196,2024-08-08,Customer_39,West,Home Office,Office Supplies,Laptop,8,1783.54,0.2,-98.39
197,2024-05-09,Customer_54,South,Home Office,Technology,Printer,8,192.3,0.0,-23.26
198,2024-05-10,Customer_45,West,Consumer,Technology,Table,6,1729.9,0.1,289.07
199,2024-02-13,Customer_32,South,Corporate,Office Supplies,Chair,6,521.39,0.0,-34.55
200,2023-05-25,Customer_74,North,Consumer,Technology,Monitor,10,865.36,0.05,178.9
201,2023-11-17,Customer_51,South,Consumer,Technology,Keyboard,8,1764.2,0.15,-332.4
202,2024-06-01,Customer_84,West,Consumer,Furniture,Binder,1,148.55,0.15,14.67
203,2024-11-19,Customer_98,West,Corporate,Office Supplies,Laptop,2,890.31,0.1,145.79
204,2024-02-17,Customer_10,East,Consumer,Technology,Laptop,10,1145.54,0.1,87.76
205,2024-01-31,Customer_44,West,Home Office,Technology,Chair,3,1951.41,0.15,-26.15
206,2024-07-25,Customer_43,East,Consumer,Furniture,Monitor,9,128.5,0.0,-16.9
207,2024-04-30,Customer_79,West,Consumer,Office Supplies,Table,6,1866.17,0.1,-221.61
208,2023-11-03,Customer_87,East,Home Office,Office Supplies,Keyboard,10,634.59,0.0,-10.04
209,2023-04-23,Customer_93,West,Home Office,Technology,Laptop,10,975.45,0.2,86.64
210,2023-02-22,Customer_90,West,Consumer,Office Supplies,Monitor,3,1652.24,0.05,-304.37
211,2023-04-23,Customer_100,South,Consumer,Technology,Binder,7,345.29,0.05,1.79
212,2024-09-18,Customer_85,West,Home Office,Office Supplies,Laptop,3,1061.43,0.2,-39.78
213,2024-05-04,Customer_93,West,Corporate,Furniture,Keyboard,9,717.54,0.1,98.97
214,2024-11-28,Customer_39,East,Home Office,Technology,Phone,4,594.06,0.1,-52.02
215,2023-10-23,Customer_93,South,Home Office,Office Supplies,Keyboard,6,985.62,0.2,263.01
216,2023-10-08,Customer_37,East,Consumer,Office Supplies,Monitor,7,1645.84,0.05,-90.15
217,2023-03-22,Customer_72,East,Corporate,Office Supplies,Printer,8,467.27,0.2,-30.11
218,2024-12-13,Customer_30,East,Consumer,Furniture,Phone,4,148.99,0.2,-12.99
219,2023-02-23,Customer_71,North,Corporate,Technology,Keyboard,2,1378.32,0.05,-272.09
220,2023-06-11,Customer_83,West,Home Office,Technology,Keyboard,4,1524.03,0.1,-60.07
221,2023-03-02,Customer_23,North,Home Office,Office Supplies,Phone,9,1490.44,0.0,382.47
222,2024-03-03,Customer_2,South,Consumer,Technology,Keyboard,3,1876.39,0.1,447.28
223,2023-11-02,Customer_60,North,Corporate,Technology,Keyboard,9,1072.42,0.05,241.86
224,2023-10-07,Customer_44,South,Consumer,Technology,Table,8,1314.16,0.05,-253.58
225,2023-10-30,Customer_13,South,Consumer,Office Supplies,Monitor,7,1054.8,0.0,0.44
226,2023-07-09,Customer_35,South,Corporate,Technology,Phone,1,558.53,0.05,13.05
227,2023-12-04,Customer_16,East,Home Office,Office Supplies,Laptop,5,1324.68,0.05,-223.79
228,2024-04-21,Customer_29,East,Consumer,Technology,Printer,2,1295.49,0.1,-21.02
229,2023-08-13,Customer_97,South,Corporate,Furniture,Keyboard,10,778.57,0.2,199.62
230,2024-07-04,Customer_73,South,Consumer,Office Supplies,Chair,9,921.16,0.1,-148.26
231,2023-04-25,Customer_67,North,Home Office,Office Supplies,Phone,10,1096.49,0.05,-39.41
232,2024-03-28,Customer_59,North,Home Office,Furniture,Keyboard,2,1802.83,0.15,368.4
233,2023-05-16,Customer_51,West,Corporate,Office Supplies,Laptop,9,951.64,0.1,153.82
234,2023-09-18,Customer_8,North,Home Office,Furniture,Chair,1,876.21,0.0,61.84
235,2023-03-12,Customer_49,West,Consumer,Technology,Monitor,3,1549.5,0.15,-19.79
236,2024-04-04,Customer_17,West,Corporate,Furniture,Table,6,281.33,0.2,-0.98
237,2023-08-17,Customer_32,North,Consumer,Technology,Keyboard,9,877.05,0.15,185.65
238,2024-04-16,Customer_3,East,Consumer,Technology,Phone,2,112.82,0.15,12.12
239,2023-09-04,Customer_6,South,Consumer,Furniture,Laptop,8,1215.68,0.0,-94.38
240,2024-02-16,Customer_94,West,Consumer,Office Supplies,Phone,1,323.26,0.1,-26.8
241,2024-08-12,Customer_67,East,Home Office,Office Supplies,Binder,4,638.44,0.05,186.97
242,2023-08-15,Customer_55,West,Corporate,Technology,Laptop,9,1899.61,0.05,214.65
243,2024-07-23,Customer_39,West,Consumer,Technology,Monitor,9,671.53,0.15,2.77
244,2024-01-21,Customer_8,South,Home Office,Technology,Phone,4,636.44,0.05,129.13
245,2024-07-29,Customer_11,West,Corporate,Office Supplies,Table,7,523.57,0.05,-18.26
246,2024-04-05,Customer_10,East,Consumer,Office Supplies,Phone,1,573.5,0.2,58.19
247,2023-07-12,Customer_25,South,Corporate,Furniture,Binder,5,1916.19,0.0,-180.31
248,2023-05-01,Customer_37,West,Consumer,Office Supplies,Phone,7,1834.5,0.2,-71.9
249,2024-01-25,Customer_60,West,Home Office,Office Supplies,Binder,5,560.05,0.2,135.2
250,2023-04-11,Customer_95,West,Corporate,Furniture,Binder,6,857.16,0.2,198.9
251,2023-05-30,Customer_73,North,Corporate,Office Supplies,Monitor,5,347.2,0.1,-29.51
252,2023-09-09,Customer_83,West,Home Office,Office Supplies,Binder,5,1538.55,0.15,435.8
253,2024-05-17,Customer_70,West,Consumer,Office Supplies,Binder,3,322.92,0.2,14.26
254,2024-10-19,Customer_81,North,Home Office,Furniture,Chair,1,1540.46,0.15,-202.19
255,2023-08-25,Customer_82,North,Home Office,Furniture,Laptop,4,1036.18,0.1,-175.92
256,2024-11-13,Customer_68,West,Home Office,Technology,Laptop,1,1087.81,0.15,-211.12
257,2023-10-09,Customer_31,East,Consumer,Office Supplies,Monitor,3,258.68,0.0,16.09
258,2023-07-16,Customer_32,East,Corporate,Technology,Monitor,2,777.45,0.15,22.93
259,2024-12-14,Customer_61,South,Corporate,Office Supplies,Chair,1,232.33,0.15,-2.65
260,2023-02-27,Customer_13,North,Home Office,Furniture,Chair,8,1698.39,0.1,140.84
261,2024-06-24,Customer_36,North,Consumer,Furniture,Keyboard,5,140.8,0.0,20.02
262,2024-07-10,Customer_39,North,Consumer,Technology,Laptop,4,1194.72,0.15,315.93
263,2023-06-16,Customer_89,South,Home Office,Technology,Binder,7,1523.44,0.05,297.45
264,2023-03-22,Customer_79,East,Consumer,Furniture,Monitor,4,1685.42,0.1,172.9
265,2024-09-01,Customer_49,West,Corporate,Furniture,Printer,8,1006.68,0.1,77.03
266,2024-03-18,Customer_92,South,Home Office,Office Supplies,Monitor,2,1555.73,0.1,309.63
267,2023-03-17,Customer_12,North,Corporate,Furniture,Monitor,3,1492.33,0.1,-29.32
268,2023-01-06,Customer_72,East,Corporate,Technology,Printer,2,308.39,0.05,4.78
269,2024-07-22,Customer_42,West,Consumer,Furniture,Chair,6,1130.73,0.2,111.97
270,2024-01-30,Customer_32,North,Corporate,Technology,Monitor,2,1463.45,0.2,369.67
271,2024-08-08,Customer_9,South,Home Office,Technology,Table,3,574.39,0.1,26.74
272,2023-06-21,Customer_32,West,Corporate,Technology,Printer,8,1576.2,0.1,-116.88
273,2024-10-02,Customer_51,West,Home Office,Office Supplies,Phone,8,258.6,0.1,-50.84
274,2023-12-07,Customer_42,West,Corporate,Technology,Binder,7,1640.18,0.2,-216.4
275,2024-09-09,Customer_82,South,Corporate,Technology,Table,7,1939.01,0.1,324.66
276,2024-05-17,Customer_70,South,Corporate,Technology,Printer,7,761.78,0.2,-76.25
277,2023-07-04,Customer_53,North,Home Office,Technology,Phone,8,1605.49,0.0,336.32
278,2024-11-20,Customer_49,West,Consumer,Office Supplies,Printer,4,542.73,0.05,85.54
279,2023-03-17,Customer_47,West,Home Office,Technology,Monitor,9,1037.89,0.15,74.54
280,2024-12-19,Customer_83,North,Consumer,Furniture,Binder,3,1311.65,0.0,107.04
281,2024-11-24,Customer_67,West,Corporate,Technology,Chair,1,242.28,0.05,13.41
282,2024-07-25,Customer_20,South,Corporate,Technology,Monitor,8,1556.07,0.2,225.97
283,2023-12-20,Customer_94,North,Corporate,Furniture,Printer,7,1845.07,0.0,-261.94
284,2023-05-26,Customer_57,East,Corporate,Technology,Keyboard,4,1066.17,0.1,40.6
285,2024-12-14,Customer_44,West,Corporate,Furniture,Printer,1,1629.86,0.0,-307.57
286,2024-10-25,Customer_55,North,Home Office,Furniture,Phone,9,390.18,0.05,-13.46
287,2024-04-18,Customer_95,South,Corporate,Office Supplies,Table,3,1298.93,0.15,-2.87
288,2024-09-20,Customer_97,South,Corporate,Office Supplies,Monitor,7,58.68,0.05,-5.7
289,2024-12-21,Customer_86,North,Home Office,Furniture,Table,6,685.67,0.15,-98.07
290,2024-05-16,Customer_80,East,Home Office,Technology,Monitor,10,272.75,0.1,60.76
291,2023-06-26,Customer_24,East,Home Office,Office Supplies,Chair,3,660.71,0.05,-31.26
292,2024-01-18,Customer_63,South,Home Office,Technology,Monitor,10,318.84,0.15,3.67
293,2024-10-12,Customer_80,South,Home Office,Furniture,Keyboard,5,323.58,0.1,71.51
294,2023-02-24,Customer_64,East,Consumer,Technology,Table,4,1639.67,0.2,86.44
295,2024-02-23,Customer_98,West,Corporate,Office Supplies,Keyboard,8,376.14,0.2,-69.42
296,2023-08-14,Customer_99,East,Consumer,Technology,Phone,9,612.91,0.15,50.76
297,2024-05-22,Customer_97,North,Home Office,Furniture,Printer,9,1655.4,0.1,117.57
298,2023-02-12,Customer_5,West,Home Office,Furniture,Monitor,2,1485.18,0.05,-75.96
299,2024-04-05,Customer_95,East,Corporate,Furniture,Keyboard,2,1562.48,0.05,-148.53
300,2024-08-25,Customer_8,East,Home Office,Office Supplies,Monitor,3,1251.49,0.05,258.76
301,2024-08-06,Customer_35,East,Home Office,Technology,Table,6,1959.05,0.1,-108.4
302,2024-06-10,Customer_17,North,Consumer,Technology,Laptop,5,1740.74,0.05,262.35
303,2023-09-13,Customer_81,South,Home Office,Technology,Phone,7,1004.44,0.2,116.72
304,2024-02-29,Customer_48,West,Corporate,Furniture,Chair,7,1055.45,0.1,155.52
305,2024-04-10,Customer_90,West,Corporate,Office Supplies,Laptop,2,1475.32,0.15,173.23
306,2024-01-02,Customer_37,North,Home Office,Technology,Phone,7,1658.45,0.15,-109.01
307,2023-12-12,Customer_21,South,Home Office,Technology,Binder,1,139.59,0.15,-26.78
308,2024-03-27,Customer_36,West,Consumer,Technology,Phone,3,1770.19,0.1,-213.33
309,2023-04-06,Customer_97,East,Corporate,Furniture,Binder,3,150.99,0.1,24.61
310,2023-08-28,Customer_29,West,Home Office,Furniture,Chair,1,466.17,0.0,-62.3
311,2024-06-15,Customer_62,West,Consumer,Furniture,Binder,2,1976.9,0.15,290.63
312,2023-03-14,Customer_100,South,Corporate,Furniture,Chair,2,661.04,0.1,-86.88
313,2023-05-17,Customer_28,South,Consumer,Office Supplies,Laptop,10,1317.54,0.15,-32.16
314,2024-10-05,Customer_16,South,Corporate,Office Supplies,Keyboard,4,219.04,0.0,-28.47
315,2024-08-26,Customer_77,West,Corporate,Technology,Binder,3,533.18,0.0,-40.48
316,2024-09-06,Customer_51,East,Home Office,Furniture,Printer,4,1059.61,0.2,-111.98
317,2023-10-30,Customer_2,North,Consumer,Technology,Monitor,2,520.11,0.2,-85.55
318,2024-01-05,Customer_99,East,Consumer,Technology,Monitor,6,1115.39,0.05,202.29
319,2023-03-16,Customer_51,North,Home Office,Furniture,Laptop,5,470.7,0.0,129.13
320,2024-06-02,Customer_69,East,Home Office,Office Supplies,Monitor,7,1418.53,0.0,170.6
321,2024-09-22,Customer_20,South,Corporate,Furniture,Printer,2,1047.04,0.05,300.66
322,2024-07-03,Customer_12,East,Corporate,Office Supplies,Chair,5,1412.42,0.05,-241.59
323,2024-03-20,Customer_91,North,Corporate,Office Supplies,Laptop,5,1348.86,0.05,-189.22
324,2023-05-21,Customer_17,North,Consumer,Technology,Binder,9,1058.58,0.1,-123.34
325,2023-10-03,Customer_74,North,Consumer,Technology,Monitor,5,1071.52,0.1,167.33
326,2024-10-04,Customer_21,North,Corporate,Technology,Binder,1,1024.24,0.2,-119.38
327,2023-09-19,Customer_2,North,Home Office,Office Supplies,Chair,4,1494.52,0.0,-266.0
328,2023-09-08,Customer_92,North,Corporate,Technology,Monitor,3,398.97,0.0,30.49
329,2024-11-02,Customer_10,West,Consumer,Technology,Phone,7,1835.92,0.1,-118.18
330,2024-08-08,Customer_52,East,Consumer,Office Supplies,Laptop,3,485.21,0.2,141.05
331,2023-03-12,Customer_38,West,Corporate,Technology,Binder,2,1128.53,0.0,-17.54
332,2024-07-31,Customer_100,East,Home Office,Office Supplies,Phone,8,768.13,0.15,229.59
333,2023-07-20,Customer_89,South,Consumer,Furniture,Monitor,1,504.35,0.1,59.5
334,2023-01-10,Customer_54,East,Consumer,Office Supplies,Monitor,5,252.7,0.2,73.68
335,2024-05-18,Customer_67,North,Consumer,Office Supplies,Printer,2,135.61,0.05,33.72
336,2024-02-27,Customer_51,East,Corporate,Office Supplies,Chair,10,236.38,0.05,28.04
337,2023-03-18,Customer_51,North,Corporate,Office Supplies,Table,4,618.77,0.1,162.75
338,2024-12-18,Customer_99,East,Corporate,Technology,Printer,4,195.64,0.05,-25.81
339,2024-08-21,Customer_46,North,Consumer,Furniture,Table,8,958.81,0.15,-133.88
340,2023-08-01,Customer_90,West,Corporate,Technology,Printer,2,226.32,0.1,48.25
341,2024-09-09,Customer_7,North,Consumer,Technology,Table,2,1436.76,0.1,-2.7
342,2024-11-24,Customer_32,East,Corporate,Furniture,Laptop,7,1716.47,0.2,298.73
343,2023-04-07,Customer_52,West,Consumer,Furniture,Chair,1,170.25,0.05,-22.92
344,2024-01-17,Customer_83,North,Home Office,Office Supplies,Printer,2,92.51,0.0,-9.36
345,2024-03-30,Customer_74,South,Consumer,Technology,Chair,1,1887.45,0.0,-218.95
346,2024-03-19,Customer_36,West,Corporate,Furniture,Monitor,7,386.97,0.05,98.35
347,2023-10-14,Customer_12,West,Consumer,Furniture,Phone,5,1022.84,0.2,40.42
348,2023-10-14,Customer_49,West,Consumer,Technology,Phone,9,535.84,0.2,105.79
349,2024-12-31,Customer_35,East,Corporate,Office Supplies,Keyboard,6,1829.72,0.2,-71.72
350,2023-07-04,Customer_61,North,Corporate,Office Supplies,Phone,1,1796.74,0.1,-306.71
351,2024-06-26,Customer_95,East,Home Office,Furniture,Table,2,533.32,0.05,-35.59
352,2023-02-27,Customer_95,South,Home Office,Technology,Binder,3,393.4,0.2,-16.13
353,2024-12-15,Customer_64,East,Home Office,Furniture,Binder,10,1149.03,0.2,315.05
354,2024-07-09,Customer_68,East,Consumer,Technology,Laptop,2,159.53,0.2,-14.45
355,2024-05-04,Customer_42,North,Corporate,Office Supplies,Phone,3,714.48,0.05,185.33
356,2023-03-02,Customer_48,North,Consumer,Office Supplies,Table,2,1700.64,0.1,476.65
357,2024-12-22,Customer_56,West,Home Office,Furniture,Binder,5,679.08,0.05,112.85
358,2024-10-16,Customer_29,West,Home Office,Technology,Table,9,1402.44,0.2,271.37
359,2024-11-12,Customer_74,South,Corporate,Technology,Printer,3,396.53,0.0,108.81
360,2024-02-05,Customer_64,North,Consumer,Office Supplies,Binder,10,480.75,0.2,-71.12
361,2023-05-25,Customer_12,East,Home Office,Furniture,Phone,6,1965.64,0.05,232.13
362,2024-12-26,Customer_14,East,Corporate,Furniture,Printer,4,536.6,0.0,-13.29
363,2023-01-02,Customer_45,North,Corporate,Technology,Monitor,3,1774.88,0.15,427.54
364,2024-07-13,Customer_41,West,Consumer,Technology,Phone,3,930.01,0.0,-48.87
365,2023-09-25,Customer_12,North,Consumer,Technology,Table,7,363.76,0.0,26.74
366,2023-12-13,Customer_13,West,Home Office,Furniture,Monitor,3,1234.27,0.15,-149.9
367,2023-12-06,Customer_74,South,Consumer,Technology,Printer,5,629.93,0.0,-110.35
368,2024-07-16,Customer_81,West,Consumer,Furniture,Binder,1,883.83,0.1,187.33
369,2024-09-06,Customer_61,West,Consumer,Furniture,Laptop,4,383.12,0.1,110.54
370,2023-04-29,Customer_48,East,Corporate,Technology,Keyboard,5,227.72,0.2,-1.42
371,2024-01-26,Customer_35,East,Consumer,Technology,Laptop,5,907.49,0.1,-78.84
372,2024-07-31,Customer_97,North,Consumer,Office Supplies,Chair,2,1352.88,0.2,9.46
373,2024-08-26,Customer_61,South,Home Office,Furniture,Monitor,9,866.33,0.2,124.35
374,2024-08-09,Customer_67,South,Corporate,Technology,Chair,7,1810.42,0.0,92.42
375,2024-08-08,Customer_55,South,Consumer,Technology,Table,3,1945.72,0.05,-266.38
376,2023-03-22,Customer_72,West,Consumer,Office Supplies,Table,10,552.88,0.0,-86.52
377,2024-02-11,Customer_54,East,Corporate,Office Supplies,Keyboard,1,1583.77,0.2,148.54
378,2023-04-26,Customer_69,West,Consumer,Furniture,Chair,2,1147.23,0.0,221.27
379,2023-12-19,Customer_52,West,Corporate,Technology,Keyboard,10,1237.48,0.0,-140.95
380,2023-05-28,Customer_48,West,Consumer,Technology,Binder,4,146.12,0.15,38.05
381,2023-01-21,Customer_30,East,Corporate,Technology,Printer,8,1723.56,0.0,493.37
382,2023-05-18,Customer_25,East,Home Office,Technology,Binder,5,1471.16,0.2,180.63
383,2024-03-28,Customer_21,South,Corporate,Office Supplies,Keyboard,9,1741.02,0.0,100.34
384,2023-03-09,Customer_4,East,Home Office,Office Supplies,Monitor,3,1572.01,0.2,376.76
385,2023-06-27,Customer_36,South,Consumer,Furniture,Phone,1,940.07,0.1,143.19
386,2024-01-13,Customer_23,West,Home Office,Technology,Chair,1,521.78,0.15,50.62
387,2024-04-30,Customer_74,East,Corporate,Furniture,Printer,2,605.89,0.15,-106.14
388,2023-08-08,Customer_100,South,Home Office,Furniture,Phone,5,1320.6,0.2,-250.88
389,2024-11-29,Customer_40,North,Corporate,Furniture,Table,10,1611.69,0.05,-118.95
390,2024-12-30,Customer_67,East,Corporate,Technology,Binder,8,541.4,0.15,-26.49
391,2024-09-30,Customer_77,West,Home Office,Furniture,Laptop,9,1998.89,0.1,161.37
392,2024-09-15,Customer_36,East,Corporate,Office Supplies,Chair,8,174.48,0.1,20.99
393,2023-09-25,Customer_41,East,Consumer,Furniture,Phone,1,1620.59,0.2,3.32
394,2024-11-28,Customer_95,South,Home Office,Furniture,Keyboard,5,555.88,0.15,1.28
395,2023-02-06,Customer_86,South,Corporate,Office Supplies,Phone,9,1294.71,0.15,327.9
396,2024-01-03,Customer_93,East,Consumer,Office Supplies,Table,5,240.33,0.05,40.97
397,2024-07-26,Customer_43,South,Home Office,Technology,Chair,4,742.8,0.1,7.6
398,2024-01-16,Customer_80,East,Home Office,Technology,Keyboard,2,967.55,0.2,87.23
399,2023-03-14,Customer_20,West,Consumer,Office Supplies,Chair,7,1083.19,0.15,-187.36
400,2023-05-21,Customer_63,South,Corporate,Technology,Keyboard,3,666.95,0.05,126.37
401,2023-12-07,Customer_22,South,Corporate,Office Supplies,Laptop,1,931.5,0.05,168.23
402,2024-08-13,Customer_62,South,Corporate,Furniture,Table,10,895.74,0.15,1.52
403,2024-01-28,Customer_68,North,Consumer,Office Supplies,Phone,6,1902.63,0.1,339.47
404,2023-07-15,Customer_14,North,Home Office,Furniture,Phone,4,1402.37,0.1,-61.64
405,2024-01-28,Customer_77,East,Consumer,Furniture,Laptop,5,1899.5,0.15,311.36
406,2024-06-20,Customer_25,East,Corporate,Office Supplies,Table,6,1992.47,0.15,-40.6
407,2023-06-18,Customer_22,West,Consumer,Furniture,Phone,3,461.82,0.0,43.8
408,2023-05-07,Customer_80,East,Home Office,Office Supplies,Laptop,7,1759.26,0.1,326.56
409,2023-02-19,Customer_16,North,Home Office,Furniture,Laptop,1,1395.01,0.15,30.91
410,2024-07-14,Customer_85,East,Corporate,Office Supplies,Table,4,1405.62,0.0,-69.5
411,2023-04-14,Customer_80,East,Home Office,Office Supplies,Table,7,1669.77,0.0,93.16
412,2023-05-01,Customer_26,East,Consumer,Furniture,Keyboard,4,1237.55,0.1,267.0
413,2024-01-02,Customer_62,West,Corporate,Furniture,Laptop,9,1017.89,0.05,146.68
414,2023-12-05,Customer_12,South,Consumer,Furniture,Chair,2,1678.7,0.15,-210.56
415,2024-06-07,Customer_38,North,Home Office,Office Supplies,Chair,5,1306.46,0.15,384.53
416,2023-09-28,Customer_41,West,Consumer,Furniture,Table,1,1711.88,0.1,343.74
417,2024-03-12,Customer_57,North,Consumer,Furniture,Laptop,3,1343.54,0.05,-47.92
418,2024-09-28,Customer_59,East,Home Office,Furniture,Binder,6,406.6,0.15,0.05
419,2023-10-06,Customer_21,West,Home Office,Technology,Monitor,3,270.46,0.0,78.65
420,2023-04-17,Customer_88,West,Home Office,Technology,Keyboard,3,1242.08,0.1,131.26
421,2023-05-14,Customer_2,West,Corporate,Furniture,Monitor,8,139.65,0.1,17.8
422,2024-12-22,Customer_85,South,Home Office,Technology,Chair,7,1340.34,0.05,54.91
423,2024-11-23,Customer_61,West,Consumer,Office Supplies,Laptop,1,1304.63,0.05,68.86
424,2024-05-22,Customer_29,South,Consumer,Technology,Binder,4,695.24,0.1,-121.55
425,2024-07-17,Customer_64,West,Corporate,Furniture,Chair,8,916.17,0.2,22.03
426,2024-04-02,Customer_1,East,Consumer,Technology,Laptop,2,836.71,0.0,65.74
427,2023-04-04,Customer_29,East,Home Office,Office Supplies,Phone,8,1903.19,0.1,404.72
428,2024-04-10,Customer_85,East,Home Office,Office Supplies,Keyboard,6,1446.03,0.0,-218.76
429,2023-08-16,Customer_22,North,Corporate,Technology,Printer,9,1067.87,0.0,-189.13
430,2024-05-19,Customer_51,South,Home Office,Office Supplies,Monitor,2,545.86,0.05,-57.99
431,2023-08-09,Customer_87,West,Consumer,Office Supplies,Binder,2,1526.44,0.0,401.93
432,2024-08-25,Customer_56,North,Corporate,Technology,Table,8,58.46,0.0,4.48
433,2024-08-22,Customer_42,West,Home Office,Furniture,Table,3,251.93,0.2,25.97
434,2024-05-31,Customer_58,West,Corporate,Office Supplies,Phone,5,825.85,0.1,235.57
435,2023-05-17,Customer_26,South,Corporate,Office Supplies,Printer,9,1728.38,0.2,201.0
436,2023-08-03,Customer_98,East,Home Office,Technology,Table,3,1032.59,0.1,160.23
437,2023-12-27,Customer_67,West,Home Office,Office Supplies,Monitor,9,607.56,0.15,124.03
438,2023-04-20,Customer_88,North,Corporate,Furniture,Laptop,1,439.81,0.05,128.32
439,2023-09-14,Customer_58,South,Consumer,Office Supplies,Printer,4,1519.51,0.0,-31.39
440,2023-04-15,Customer_7,South,Home Office,Office Supplies,Monitor,4,1046.3,0.1,153.25
441,2024-01-26,Customer_100,West,Corporate,Office Supplies,Binder,9,154.91,0.1,-15.25
442,2024-03-29,Customer_93,South,Home Office,Office Supplies,Binder,10,1115.9,0.2,-113.56
443,2023-07-18,Customer_6,East,Corporate,Furniture,Chair,3,1926.83,0.2,-270.38
444,2024-03-14,Customer_60,East,Home Office,Technology,Table,3,1188.77,0.1,-234.4
445,2024-12-27,Customer_39,South,Consumer,Furniture,Binder,10,149.17,0.2,33.05
446,2024-05-17,Customer_65,East,Consumer,Office Supplies,Binder,9,478.93,0.05,28.88
447,2023-06-13,Customer_43,West,Home Office,Office Supplies,Monitor,2,731.34,0.05,96.29
448,2024-01-05,Customer_45,East,Consumer,Office Supplies,Keyboard,9,1656.19,0.0,-236.24
449,2024-04-01,Customer_15,South,Home Office,Office Supplies,Phone,1,1380.98,0.1,-12.86
450,2024-01-31,Customer_66,East,Home Office,Office Supplies,Printer,1,1827.11,0.1,104.43
451,2024-04-01,Customer_99,West,Consumer,Technology,Phone,6,1052.09,0.0,-122.36
452,2024-07-04,Customer_27,North,Home Office,Furniture,Phone,4,1736.65,0.15,378.3
453,2024-07-04,Customer_10,West,Home Office,Furniture,Table,1,945.49,0.1,-171.19
454,2023-02-25,Customer_58,South,Corporate,Office Supplies,Chair,10,1652.16,0.1,6.31
455,2024-10-07,Customer_93,West,Corporate,Technology,Laptop,7,1362.93,0.2,-268.57
456,2024-09-25,Customer_88,North,Home Office,Office Supplies,Laptop,2,747.52,0.2,-109.83
457,2023-11-05,Customer_69,North,Corporate,Technology,Monitor,7,1653.14,0.0,61.16
458,2023-08-14,Customer_2,South,Home Office,Technology,Printer,3,631.21,0.1,175.92
459,2024-07-20,Customer_11,South,Consumer,Furniture,Laptop,10,1213.48,0.2,89.51
460,2023-11-09,Customer_24,South,Home Office,Office Supplies,Binder,4,854.68,0.2,-110.06
461,2023-08-15,Customer_71,East,Consumer,Furniture,Table,10,1711.89,0.2,52.44
462,2023-03-16,Customer_43,East,Home Office,Furniture,Printer,2,434.96,0.2,18.96
463,2024-01-01,Customer_41,South,Home Office,Office Supplies,Phone,2,606.02,0.0,151.54
464,2024-05-12,Customer_41,West,Corporate,Office Supplies,Printer,10,347.17,0.2,-6.16
465,2024-03-14,Customer_47,South,Consumer,Technology,Phone,4,1438.79,0.15,-88.72
466,2023-05-18,Customer_23,East,Corporate,Technology,Keyboard,6,1560.8,0.15,118.36
467,2024-10-23,Customer_3,North,Corporate,Furniture,Phone,5,1480.41,0.0,242.36
468,2024-06-03,Customer_70,North,Home Office,Office Supplies,Monitor,10,464.88,0.0,35.24
469,2024-07-06,Customer_38,West,Home Office,Furniture,Binder,7,485.45,0.2,80.88
470,2023-05-18,Customer_79,West,Home Office,Office Supplies,Chair,7,759.54,0.0,99.76
471,2024-12-01,Customer_19,South,Home Office,Furniture,Keyboard,3,399.33,0.2,51.8
472,2024-05-10,Customer_86,East,Consumer,Furniture,Keyboard,4,172.58,0.1,-14.32
473,2023-07-31,Customer_67,East,Corporate,Technology,Keyboard,1,127.81,0.1,-18.97
474,2024-10-10,Customer_10,East,Home Office,Technology,Table,7,1324.67,0.1,124.31
475,2024-06-13,Customer_62,East,Corporate,Furniture,Monitor,6,1643.61,0.1,71.38
476,2024-09-10,Customer_28,North,Home Office,Furniture,Keyboard,3,498.48,0.2,60.68
477,2023-06-03,Customer_62,South,Consumer,Technology,Chair,4,858.5,0.1,137.47
478,2024-11-22,Customer_76,West,Corporate,Furniture,Table,7,93.77,0.0,-12.76
479,2023-06-14,Customer_24,South,Home Office,Office Supplies,Laptop,10,336.39,0.05,-23.84
480,2024-06-13,Customer_61,West,Home Office,Office Supplies,Laptop,5,1897.15,0.05,46.67
481,2024-05-08,Customer_66,South,Consumer,Technology,Table,10,1649.88,0.05,184.14
482,2023-09-28,Customer_50,South,Home Office,Office Supplies,Binder,8,1213.24,0.0,-103.24
483,2023-05-16,Customer_79,North,Consumer,Furniture,Monitor,3,1230.75,0.05,46.69
484,2024-09-06,Customer_70,North,Home Office,Office Supplies,Chair,2,990.37,0.05,248.58
485,2023-01-02,Customer_62,West,Home Office,Technology,Binder,1,1410.4,0.15,-120.25
486,2024-01-26,Customer_11,East,Home Office,Office Supplies,Chair,7,311.07,0.15,56.9
487,2023-10-18,Customer_49,West,Corporate,Furniture,Laptop,1,1177.07,0.0,70.48
488,2024-11-01,Customer_33,South,Home Office,Technology,Monitor,6,257.84,0.15,32.43
489,2023-09-25,Customer_72,West,Home Office,Technology,Printer,7,1522.2,0.15,115.77
490,2024-05-09,Customer_91,South,Corporate,Office Supplies,Keyboard,5,1977.59,0.2,-55.02
491,2024-02-12,Customer_66,South,Home Office,Furniture,Phone,8,1577.06,0.05,-236.34
492,2024-02-15,Customer_19,East,Home Office,Office Supplies,Laptop,3,808.75,0.0,163.52
493,2024-04-27,Customer_50,West,Consumer,Furniture,Printer,4,773.13,0.2,-140.03
494,2024-02-15,Customer_85,East,Home Office,Office Supplies,Laptop,3,1298.57,0.15,-252.76
495,2024-06-14,Customer_84,East,Consumer,Furniture,Phone,10,380.49,0.0,-7.66
496,2023-01-01,Customer_67,South,Consumer,Technology,Monitor,6,1355.84,0.15,126.15
497,2023-01-16,Customer_36,North,Consumer,Office Supplies,Printer,9,1834.27,0.1,-48.17
498,2023-08-20,Customer_10,South,Corporate,Technology,Laptop,5,391.32,0.2,-57.43
499,2024-05-30,Customer_57,East,Corporate,Furniture,Printer,9,1635.64,0.2,-122.56
500,2024-01-22,Customer_34,West,Consumer,Technology,Keyboard,8,1798.22,0.0,73.7
501,2023-03-11,Customer_2,West,Home Office,Furniture,Phone,6,854.23,0.1,49.76
502,2024-12-18,Customer_23,East,Consumer,Technology,Chair,7,1363.71,0.1,-220.9
503,2024-05-02,Customer_26,East,Corporate,Furniture,Printer,3,1896.88,0.05,93.89
504,2023-08-29,Customer_100,South,Corporate,Furniture,Phone,4,1678.13,0.2,-36.9
505,2023-04-20,Customer_62,North,Consumer,Office Supplies,Keyboard,10,62.92,0.2,17.55
506,2024-01-16,Customer_29,East,Corporate,Office Supplies,Printer,8,406.6,0.2,-24.34
507,2024-08-13,Customer_51,South,Consumer,Office Supplies,Monitor,8,1882.33,0.0,96.45
508,2024-12-03,Customer_49,South,Corporate,Furniture,Keyboard,6,1393.96,0.0,191.04
509,2024-08-17,Customer_79,North,Corporate,Technology,Printer,3,1119.7,0.05,-73.11
510,2023-12-18,Customer_52,East,Consumer,Technology,Monitor,4,867.23,0.1,-15.14
511,2023-10-14,Customer_31,West,Consumer,Office Supplies,Table,10,1387.72,0.0,222.6
512,2024-07-22,Customer_64,West,Corporate,Furniture,Table,3,972.32,0.0,-108.6
513,2023-05-18,Customer_89,East,Corporate,Technology,Printer,9,1724.08,0.0,-1.38
514,2023-06-17,Customer_47,North,Consumer,Technology,Keyboard,2,927.22,0.1,-65.01
515,2024-07-27,Customer_74,East,Corporate,Furniture,Monitor,2,734.63,0.2,-73.85
516,2024-10-27,Customer_49,South,Corporate,Technology,Binder,9,1000.61,0.15,244.97
517,2024-09-20,Customer_79,East,Corporate,Office Supplies,Table,3,1299.13,0.1,14.17
518,2024-08-08,Customer_91,West,Consumer,Furniture,Table,6,495.02,0.1,62.62
519,2023-10-01,Customer_24,West,Corporate,Technology,Binder,10,1065.82,0.15,7.45
520,2023-01-24,Customer_9,South,Home Office,Furniture,Printer,2,460.61,0.15,-68.4
521,2024-04-29,Customer_50,North,Consumer,Technology,Chair,2,561.78,0.05,-88.67
522,2023-11-13,Customer_22,South,Consumer,Office Supplies,Printer,8,1271.64,0.05,80.59
523,2023-01-30,Customer_71,North,Home Office,Technology,Binder,8,961.03,0.2,257.01
524,2024-03-31,Customer_82,South,Home Office,Office Supplies,Table,10,1215.29,0.2,21.25
525,2024-10-16,Customer_20,East,Corporate,Technology,Phone,2,911.63,0.1,5.56
526,2023-11-07,Customer_63,North,Consumer,Office Supplies,Table,6,609.19,0.2,-119.3
527,2024-05-03,Customer_25,East,Consumer,Technology,Printer,10,500.87,0.0,37.12
528,2024-02-26,Customer_55,West,Corporate,Furniture,Table,7,1665.43,0.05,-114.1
529,2024-10-02,Customer_53,South,Home Office,Office Supplies,Printer,5,1314.49,0.2,268.69
530,2023-07-12,Customer_90,North,Consumer,Furniture,Printer,2,1291.94,0.2,34.09
531,2024-09-29,Customer_14,West,Consumer,Technology,Laptop,3,146.78,0.2,-27.73
532,2023-10-16,Customer_28,East,Consumer,Office Supplies,Keyboard,1,503.98,0.05,-97.09
533,2023-12-17,Customer_97,West,Corporate,Technology,Binder,8,1409.02,0.0,-49.14
534,2023-05-30,Customer_33,North,Corporate,Technology,Chair,9,966.79,0.05,239.62
535,2024-01-26,Customer_5,North,Consumer,Office Supplies,Phone,7,1553.89,0.15,-118.75
536,2023-07-23,Customer_21,West,Home Office,Furniture,Phone,8,808.79,0.1,216.84
537,2024-10-06,Customer_7,North,Home Office,Office Supplies,Chair,5,988.4,0.1,-99.47
538,2024-11-13,Customer_51,South,Consumer,Furniture,Monitor,6,79.38,0.1,7.33
539,2023-09-06,Customer_64,North,Consumer,Office Supplies,Keyboard,10,352.23,0.0,-26.64
540,2023-04-04,Customer_17,East,Home Office,Furniture,Laptop,6,1306.92,0.2,255.81
541,2024-05-14,Customer_46,South,Corporate,Office Supplies,Binder,8,1479.72,0.0,214.0
542,2023-05-18,Customer_24,East,Consumer,Technology,Keyboard,9,624.69,0.15,-65.66
543,2024-07-10,Customer_71,East,Corporate,Office Supplies,Keyboard,5,1741.94,0.2,448.09
544,2023-06-14,Customer_1,North,Home Office,Furniture,Keyboard,5,1647.87,0.2,-27.1
545,2024-10-15,Customer_93,West,Home Office,Furniture,Laptop,10,1720.82,0.2,-138.71
546,2023-03-06,Customer_83,West,Consumer,Office Supplies,Keyboard,9,350.56,0.1,-13.57
547,2023-11-26,Customer_5,North,Consumer,Office Supplies,Chair,1,1678.63,0.05,-185.79
548,2023-07-26,Customer_68,North,Corporate,Furniture,Chair,1,1163.47,0.15,150.04
549,2024-09-30,Customer_27,East,Consumer,Technology,Phone,10,1449.8,0.0,384.35
550,2024-11-02,Customer_91,West,Consumer,Technology,Laptop,6,1138.14,0.15,240.16
551,2023-03-01,Customer_13,East,Home Office,Furniture,Chair,5,201.97,0.05,56.61
552,2023-04-14,Customer_23,South,Home Office,Technology,Phone,4,1076.07,0.05,91.48
553,2024-07-25,Customer_22,West,Home Office,Furniture,Binder,8,1419.97,0.15,342.8
554,2023-07-04,Customer_41,West,Home Office,Technology,Table,9,1996.95,0.15,532.71
555,2024-07-17,Customer_49,East,Corporate,Technology,Monitor,6,1236.41,0.2,90.03
556,2024-07-17,Customer_77,East,Corporate,Technology,Keyboard,7,50.38,0.0,14.68
557,2023-01-17,Customer_89,South,Corporate,Furniture,Printer,4,468.9,0.1,-88.69
558,2023-10-10,Customer_75,South,Consumer,Furniture,Keyboard,6,354.41,0.1,-5.83
559,2023-09-13,Customer_93,South,Corporate,Technology,Chair,10,829.61,0.05,138.66
560,2023-11-29,Customer_74,West,Consumer,Technology,Chair,10,1302.4,0.0,215.41
561,2024-01-26,Customer_30,North,Consumer,Technology,Binder,7,862.22,0.0,202.53
562,2024-10-30,Customer_73,North,Home Office,Office Supplies,Monitor,1,644.33,0.0,-25.99
563,2023-06-03,Customer_97,East,Home Office,Office Supplies,Phone,3,148.51,0.15,42.4
564,2024-09-01,Customer_74,North,Consumer,Technology,Printer,7,338.62,0.1,-53.75
565,2023-02-20,Customer_62,West,Corporate,Furniture,Monitor,9,897.26,0.05,162.42
566,2024-07-26,Customer_10,South,Corporate,Technology,Phone,9,1251.19,0.2,-96.19
567,2023-09-30,Customer_25,West,Corporate,Office Supplies,Chair,2,1359.91,0.15,-23.62
568,2023-11-25,Customer_57,East,Home Office,Office Supplies,Laptop,5,380.05,0.1,41.09
569,2024-09-30,Customer_11,South,Corporate,Furniture,Phone,4,1386.45,0.05,247.99
570,2023-04-26,Customer_61,North,Consumer,Office Supplies,Table,5,76.78,0.0,-3.64
571,2023-01-24,Customer_80,East,Consumer,Office Supplies,Phone,4,1115.53,0.1,83.0
572,2023-05-25,Customer_90,North,Corporate,Office Supplies,Laptop,5,382.12,0.1,-38.08
573,2024-09-24,Customer_85,East,Consumer,Technology,Laptop,2,807.86,0.1,106.23
574,2024-01-04,Customer_13,North,Consumer,Technology,Monitor,4,1960.6,0.2,565.25
575,2023-11-20,Customer_92,West,Home Office,Office Supplies,Chair,3,437.81,0.15,35.18
576,2023-01-23,Customer_88,North,Consumer,Office Supplies,Printer,6,1005.37,0.05,-191.84
577,2023-12-27,Customer_50,East,Home Office,Technology,Phone,9,587.96,0.0,66.38
578,2023-01-31,Customer_67,East,Consumer,Furniture,Binder,7,1331.02,0.0,219.54
579,2024-11-25,Customer_70,South,Corporate,Furniture,Table,7,1942.55,0.2,-68.68
580,2023-05-15,Customer_56,South,Home Office,Furniture,Phone,3,652.55,0.2,166.26
581,2023-05-29,Customer_98,South,Corporate,Furniture,Chair,3,669.32,0.05,109.46
582,2023-11-23,Customer_24,West,Corporate,Technology,Keyboard,5,346.32,0.05,-50.78
583,2023-01-27,Customer_89,East,Home Office,Office Supplies,Phone,10,502.76,0.0,-10.24
584,2024-05-03,Customer_18,South,Home Office,Office Supplies,Keyboard,6,408.75,0.15,18.69
585,2023-06-17,Customer_86,South,Consumer,Furniture,Monitor,1,1854.6,0.15,-164.55
586,2023-07-27,Customer_32,South,Consumer,Furniture,Keyboard,10,1005.39,0.1,234.65
587,2024-03-13,Customer_68,West,Consumer,Office Supplies,Monitor,6,818.59,0.2,79.32
588,2024-10-18,Customer_32,North,Home Office,Furniture,Keyboard,8,1662.67,0.0,397.2
589,2024-06-15,Customer_57,West,Home Office,Furniture,Monitor,9,1542.06,0.0,-162.03
590,2024-02-12,Customer_19,East,Corporate,Technology,Table,7,624.12,0.0,90.48
591,2024-04-19,Customer_53,West,Consumer,Office Supplies,Chair,3,1568.53,0.2,-207.59
592,2023-11-28,Customer_12,West,Consumer,Furniture,Keyboard,10,1798.4,0.05,433.91
593,2023-09-14,Customer_11,East,Home Office,Office Supplies,Table,2,227.82,0.15,26.66
594,2024-06-20,Customer_43,West,Home Office,Office Supplies,Table,7,1123.17,0.0,206.81
595,2024-08-02,Customer_58,South,Consumer,Furniture,Table,1,868.18,0.1,143.32
596,2023-10-23,Customer_64,South,Consumer,Furniture,Phone,1,1263.99,0.1,-245.08
597,2024-05-25,Customer_57,North,Home Office,Technology,Phone,4,1198.28,0.15,32.2
598,2023-03-23,Customer_19,North,Consumer,Office Supplies,Printer,10,1275.84,0.05,-223.96
599,2023-02-26,Customer_12,East,Consumer,Furniture,Laptop,10,1684.13,0.1,-58.01
600,2023-02-20,Customer_72,North,Corporate,Furniture,Table,5,1241.63,0.2,106.96
601,2023-07-01,Customer_49,West,Home Office,Office Supplies,Binder,1,231.6,0.1,-8.94
602,2023-03-11,Customer_53,West,Home Office,Furniture,Printer,8,312.36,0.1,-11.06
603,2024-06-21,Customer_62,South,Home Office,Furniture,Laptop,2,1164.17,0.2,341.79
604,2024-12-06,Customer_17,East,Corporate,Office Supplies,Binder,5,1074.51,0.2,-24.79
605,2024-09-21,Customer_38,West,Home Office,Office Supplies,Keyboard,8,1625.56,0.2,-135.96
606,2023-07-18,Customer_54,North,Consumer,Furniture,Keyboard,2,1488.06,0.05,297.29
607,2024-02-28,Customer_9,North,Corporate,Technology,Phone,1,1299.21,0.1,-94.57
608,2023-11-12,Customer_93,East,Home Office,Office Supplies,Binder,1,271.98,0.1,-7.97
609,2024-08-05,Customer_5,North,Consumer,Furniture,Binder,6,1848.45,0.15,477.05
610,2024-10-23,Customer_53,South,Corporate,Furniture,Keyboard,9,1797.06,0.15,345.03
611,2023-02-27,Customer_43,East,Home Office,Office Supplies,Binder,9,1094.98,0.05,97.12
612,2023-12-29,Customer_74,North,Consumer,Technology,Laptop,6,1968.06,0.2,435.34
613,2024-09-12,Customer_35,West,Consumer,Office Supplies,Chair,5,1425.27,0.1,220.8
614,2024-02-28,Customer_39,North,Corporate,Furniture,Binder,8,1667.44,0.1,-153.29
615,2023-06-29,Customer_65,North,Corporate,Furniture,Phone,2,915.36,0.0,182.63
616,2023-06-07,Customer_67,South,Corporate,Technology,Printer,6,329.43,0.0,69.53
617,2024-11-23,Customer_40,South,Consumer,Office Supplies,Laptop,8,805.8,0.2,-114.49
618,2023-02-15,Customer_98,North,Corporate,Technology,Laptop,2,1065.13,0.1,-201.05
619,2023-11-16,Customer_86,South,Corporate,Furniture,Phone,5,589.47,0.1,109.87
620,2023-05-01,Customer_14,East,Consumer,Furniture,Printer,2,79.75,0.2,6.37
621,2023-07-31,Customer_22,East,Home Office,Technology,Printer,3,1889.39,0.1,164.46
622,2023-03-14,Customer_7,East,Home Office,Technology,Keyboard,1,303.64,0.15,76.41
623,2023-04-19,Customer_81,West,Consumer,Furniture,Monitor,7,399.02,0.2,98.01
624,2024-12-07,Customer_97,West,Home Office,Technology,Printer,6,1644.01,0.2,-264.24
625,2024-04-21,Customer_29,South,Consumer,Office Supplies,Keyboard,2,938.39,0.15,33.1
626,2023-05-28,Customer_4,East,Corporate,Technology,Table,6,1588.12,0.1,42.31
627,2023-03-08,Customer_78,West,Consumer,Technology,Keyboard,8,1699.24,0.1,312.61
628,2024-08-11,Customer_69,South,Home Office,Furniture,Monitor,2,685.45,0.0,134.5
629,2024-04-17,Customer_50,West,Home Office,Technology,Phone,10,525.2,0.05,150.7
630,2023-03-09,Customer_31,East,Consumer,Office Supplies,Monitor,7,1156.06,0.1,83.54
631,2023-06-27,Customer_13,North,Home Office,Office Supplies,Keyboard,2,1204.72,0.15,-44.95
632,2024-03-31,Customer_49,South,Corporate,Technology,Chair,10,262.05,0.2,48.66
633,2023-12-02,Customer_97,West,Home Office,Office Supplies,Laptop,2,474.34,0.05,115.56
634,2024-10-13,Customer_58,North,Consumer,Office Supplies,Table,8,1085.95,0.15,117.05
635,2023-07-20,Customer_56,South,Home Office,Technology,Printer,10,1598.98,0.1,414.54
636,2023-12-19,Customer_71,North,Home Office,Furniture,Monitor,3,1712.39,0.0,-26.35
637,2023-02-24,Customer_90,North,Home Office,Office Supplies,Binder,2,1729.43,0.0,-142.47
638,2024-08-27,Customer_23,West,Home Office,Technology,Monitor,7,794.05,0.2,-74.95
639,2024-05-01,Customer_86,South,Consumer,Office Supplies,Monitor,6,1687.93,0.05,-94.13
640,2023-05-09,Customer_18,South,Consumer,Furniture,Laptop,3,1456.61,0.15,187.85
641,2023-03-28,Customer_66,South,Home Office,Technology,Keyboard,10,1864.11,0.2,-205.24
642,2024-03-10,Customer_94,West,Corporate,Technology,Phone,3,878.31,0.0,78.14
643,2023-08-31,Customer_48,East,Corporate,Office Supplies,Binder,1,1957.56,0.2,81.5
644,2023-04-26,Customer_11,West,Home Office,Furniture,Table,9,1967.98,0.1,63.9
645,2024-06-19,Customer_44,North,Consumer,Technology,Chair,9,1606.29,0.1,171.1
646,2024-07-01,Customer_38,North,Corporate,Technology,Keyboard,10,1480.94,0.15,-34.87
647,2023-10-24,Customer_74,South,Consumer,Office Supplies,Printer,10,557.86,0.15,49.69
648,2023-02-22,Customer_36,East,Home Office,Office Supplies,Laptop,5,995.28,0.05,52.55
649,2023-09-16,Customer_76,South,Home Office,Technology,Printer,5,77.7,0.0,7.92
650,2023-06-04,Customer_44,West,Corporate,Furniture,Printer,4,995.59,0.2,229.99
651,2023-03-28,Customer_93,South,Home Office,Furniture,Keyboard,7,1552.22,0.05,202.31
652,2024-10-14,Customer_60,South,Consumer,Office Supplies,Binder,1,1302.41,0.0,-226.28
653,2024-02-13,Customer_19,West,Corporate,Technology,Phone,7,1382.84,0.15,51.57
654,2024-06-27,Customer_6,West,Consumer,Technology,Keyboard,7,1373.06,0.2,194.2
655,2023-04-10,Customer_75,East,Corporate,Office Supplies,Printer,6,577.14,0.0,-41.74
656,2024-02-05,Customer_89,West,Home Office,Office Supplies,Phone,10,1552.47,0.2,-48.59
657,2023-07-04,Customer_88,East,Home Office,Furniture,Laptop,2,73.32,0.0,4.59
658,2024-04-01,Customer_8,East,Consumer,Office Supplies,Printer,5,426.51,0.0,46.79
659,2024-08-31,Customer_85,South,Home Office,Office Supplies,Chair,2,218.45,0.2,-29.5
660,2024-10-25,Customer_36,South,Consumer,Office Supplies,Table,5,624.41,0.0,74.55
661,2024-03-13,Customer_8,East,Corporate,Furniture,Chair,5,1565.36,0.15,-8.93
662,2023-09-22,Customer_23,East,Consumer,Technology,Chair,8,1959.87,0.05,206.08
663,2024-10-22,Customer_92,West,Consumer,Furniture,Monitor,4,1247.23,0.0,319.67
664,2023-09-23,Customer_64,North,Consumer,Furniture,Chair,10,1468.71,0.15,-279.96
665,2023-06-02,Customer_74,North,Consumer,Office Supplies,Monitor,5,345.63,0.1,87.21
666,2023-01-04,Customer_89,West,Corporate,Technology,Monitor,2,1103.25,0.0,-8.59
667,2024-05-08,Customer_83,North,Home Office,Office Supplies,Binder,6,1379.58,0.15,-237.84
668,2023-04-03,Customer_23,East,Home Office,Technology,Chair,8,1532.88,0.1,189.92
669,2024-07-21,Customer_46,North,Corporate,Office Supplies,Phone,5,1406.97,0.0,162.24
670,2024-05-13,Customer_76,North,Home Office,Technology,Phone,3,119.61,0.0,19.12
671,2023-09-02,Customer_3,West,Corporate,Furniture,Printer,8,1091.18,0.15,309.12
672,2023-02-07,Customer_87,East,Consumer,Technology,Laptop,7,280.46,0.2,8.19
673,2024-07-03,Customer_3,South,Home Office,Office Supplies,Phone,2,121.91,0.05,5.42
674,2024-04-27,Customer_13,North,Consumer,Office Supplies,Table,1,385.89,0.0,97.37
675,2024-04-12,Customer_26,South,Home Office,Furniture,Chair,2,1019.43,0.2,-91.46
676,2024-03-12,Customer_42,East,Home Office,Office Supplies,Monitor,6,285.56,0.2,20.83
677,2023-08-07,Customer_22,North,Home Office,Furniture,Binder,2,285.45,0.05,51.03
678,2024-12-14,Customer_81,East,Home Office,Furniture,Keyboard,4,1855.07,0.0,-247.31
679,2024-09-19,Customer_91,West,Consumer,Furniture,Keyboard,2,62.38,0.05,16.41
680,2024-10-29,Customer_53,East,Corporate,Office Supplies,Keyboard,3,452.01,0.1,27.82
681,2023-09-02,Customer_12,South,Home Office,Office Supplies,Laptop,10,401.0,0.15,42.52
682,2024-10-04,Customer_13,East,Corporate,Technology,Laptop,9,509.5,0.0,149.44
683,2024-09-25,Customer_25,East,Home Office,Office Supplies,Phone,8,1552.15,0.05,-95.9
684,2023-04-26,Customer_47,South,Home Office,Technology,Keyboard,3,361.53,0.0,-62.54
685,2023-10-19,Customer_95,South,Corporate,Technology,Binder,10,1620.05,0.15,-288.92
686,2023-02-23,Customer_76,South,Consumer,Furniture,Keyboard,9,276.33,0.05,44.41
687,2024-08-16,Customer_31,East,Corporate,Furniture,Binder,4,1569.0,0.1,-135.1
688,2024-02-27,Customer_19,South,Corporate,Furniture,Chair,8,1190.93,0.0,292.07
689,2023-08-10,Customer_35,West,Consumer,Technology,Binder,3,942.59,0.05,109.35
690,2023-07-27,Customer_22,East,Consumer,Furniture,Laptop,5,316.18,0.15,9.26
691,2023-12-18,Customer_30,South,Corporate,Office Supplies,Table,10,1815.88,0.2,517.65
692,2023-03-30,Customer_94,West,Home Office,Technology,Phone,10,973.3,0.15,-58.8
693,2024-03-14,Customer_74,South,Consumer,Technology,Monitor,10,483.69,0.2,132.11
694,2023-01-06,Customer_90,West,Consumer,Furniture,Keyboard,9,115.56,0.2,-0.33
695,2023-04-11,Customer_17,West,Corporate,Furniture,Chair,9,1518.5,0.15,417.54
696,2024-01-03,Customer_59,East,Consumer,Office Supplies,Chair,1,985.58,0.1,-117.38
697,2024-08-07,Customer_91,North,Corporate,Technology,Table,7,410.64,0.1,46.57
698,2024-10-10,Customer_35,North,Home Office,Furniture,Monitor,6,1085.29,0.1,14.06
699,2024-12-15,Customer_15,South,Home Office,Furniture,Binder,1,1053.74,0.1,257.1
700,2024-01-28,Customer_72,East,Corporate,Office Supplies,Laptop,6,764.54,0.2,116.54
701,2024-12-27,Customer_97,South,Consumer,Technology,Phone,9,271.44,0.15,45.79
702,2024-08-17,Customer_36,South,Home Office,Furniture,Binder,6,1800.97,0.2,252.34
703,2023-02-25,Customer_69,North,Corporate,Technology,Keyboard,8,1027.83,0.0,36.06
704,2024-11-25,Customer_51,East,Corporate,Office Supplies,Binder,2,417.29,0.15,-65.24
705,2023-07-03,Customer_27,East,Consumer,Furniture,Table,5,268.45,0.05,12.93
706,2024-06-17,Customer_3,North,Corporate,Technology,Table,8,726.07,0.15,122.6
707,2023-10-26,Customer_84,South,Consumer,Furniture,Phone,9,1307.11,0.15,116.79
708,2024-10-23,Customer_40,East,Corporate,Office Supplies,Keyboard,8,642.96,0.05,160.19
709,2023-06-25,Customer_37,East,Consumer,Technology,Binder,5,1551.01,0.0,-195.16
710,2024-04-11,Customer_15,South,Home Office,Furniture,Printer,3,1947.75,0.05,-232.51
711,2023-02-12,Customer_5,East,Home Office,Furniture,Keyboard,5,770.86,0.05,62.63
712,2024-11-12,Customer_16,East,Corporate,Furniture,Binder,8,1102.74,0.05,73.69
713,2023-01-26,Customer_43,West,Corporate,Furniture,Keyboard,6,354.3,0.2,101.97
714,2024-10-24,Customer_15,East,Corporate,Technology,Table,10,1470.66,0.15,-45.09
715,2024-05-05,Customer_58,North,Consumer,Office Supplies,Chair,5,98.35,0.2,21.68
716,2024-01-01,Customer_11,North,Corporate,Furniture,Phone,10,1076.55,0.1,-109.96
717,2024-07-05,Customer_78,West,Home Office,Office Supplies,Chair,9,819.13,0.15,-33.68
718,2024-06-07,Customer_48,North,Home Office,Technology,Monitor,3,1446.13,0.15,-21.96
719,2023-01-13,Customer_57,East,Corporate,Technology,Printer,8,1754.89,0.0,-161.72
720,2024-03-01,Customer_19,West,Corporate,Furniture,Monitor,7,322.16,0.2,31.88
721,2023-08-01,Customer_12,East,Corporate,Office Supplies,Binder,2,1869.65,0.2,332.9
722,2023-01-07,Customer_18,West,Home Office,Technology,Monitor,3,1133.84,0.2,201.39
723,2023-07-24,Customer_39,South,Corporate,Technology,Keyboard,1,1654.46,0.1,359.5
724,2024-05-20,Customer_86,West,Consumer,Furniture,Laptop,3,562.22,0.15,-77.54
725,2023-10-22,Customer_9,West,Consumer,Technology,Phone,1,282.74,0.1,13.15
726,2024-09-05,Customer_16,East,Home Office,Technology,Monitor,5,1274.59,0.15,365.97
727,2024-01-18,Customer_7,North,Corporate,Furniture,Laptop,3,673.38,0.05,-14.35
728,2023-10-07,Customer_10,East,Corporate,Office Supplies,Binder,1,615.22,0.2,73.5
729,2024-06-10,Customer_41,South,Home Office,Furniture,Chair,10,1517.63,0.2,-58.73
730,2024-12-02,Customer_2,East,Corporate,Office Supplies,Binder,2,1092.12,0.1,231.16
731,2023-05-21,Customer_20,East,Corporate,Technology,Monitor,6,1845.77,0.05,-274.63
732,2024-05-30,Customer_17,South,Consumer,Office Supplies,Chair,7,947.96,0.0,-134.34
733,2023-01-18,Customer_44,West,Corporate,Technology,Binder,3,1643.23,0.2,101.16
734,2023-06-26,Customer_40,East,Consumer,Office Supplies,Chair,4,300.99,0.05,43.35
735,2023-05-09,Customer_6,South,Consumer,Furniture,Monitor,2,201.58,0.15,36.02
736,2023-07-21,Customer_39,North,Consumer,Office Supplies,Laptop,8,281.9,0.1,-50.28
737,2024-11-14,Customer_4,North,Consumer,Furniture,Phone,10,1807.29,0.05,244.53
738,2023-04-03,Customer_79,South,Home Office,Technology,Binder,6,363.09,0.2,69.13
739,2023-09-05,Customer_22,North,Consumer,Office Supplies,Laptop,9,473.15,0.05,133.49
740,2024-07-04,Customer_76,North,Home Office,Furniture,Phone,9,1710.03,0.15,-28.67
741,2023-07-09,Customer_30,West,Home Office,Furniture,Table,6,1963.54,0.15,-182.34
742,2024-02-22,Customer_91,North,Corporate,Furniture,Keyboard,2,1063.47,0.15,192.63
743,2023-10-23,Customer_40,North,Consumer,Technology,Keyboard,2,800.32,0.15,80.19
744,2024-12-04,Customer_9,West,Consumer,Office Supplies,Monitor,5,1970.68,0.15,-208.12
745,2024-05-02,Customer_11,East,Consumer,Furniture,Keyboard,2,822.92,0.2,106.38
746,2023-05-03,Customer_77,South,Corporate,Technology,Chair,3,176.19,0.05,-5.41
747,2024-02-18,Customer_97,North,Consumer,Technology,Keyboard,5,1541.39,0.2,149.25
748,2024-10-21,Customer_14,West,Corporate,Technology,Monitor,8,1047.26,0.05,192.7
749,2023-05-06,Customer_64,East,Corporate,Technology,Phone,3,107.96,0.0,23.23
750,2024-11-25,Customer_10,North,Consumer,Technology,Binder,3,640.37,0.2,-97.23
751,2024-11-07,Customer_70,West,Corporate,Furniture,Printer,8,1005.99,0.1,71.65
752,2024-07-13,Customer_5,North,Consumer,Technology,Chair,7,927.73,0.15,19.74
753,2023-02-03,Customer_50,South,Home Office,Office Supplies,Printer,3,1008.39,0.05,-44.14
754,2024-05-14,Customer_72,North,Home Office,Office Supplies,Keyboard,9,1386.48,0.2,48.4
755,2023-06-10,Customer_99,North,Corporate,Technology,Keyboard,10,1943.2,0.2,268.64
756,2023-10-19,Customer_75,East,Consumer,Furniture,Laptop,3,1682.02,0.1,344.44
757,2023-01-28,Customer_85,East,Corporate,Furniture,Monitor,6,1984.29,0.15,-48.35
758,2023-09-08,Customer_15,South,Consumer,Office Supplies,Printer,10,215.64,0.0,50.56
759,2023-12-12,Customer_54,South,Consumer,Office Supplies,Binder,1,948.77,0.15,79.72
760,2023-10-01,Customer_13,North,Home Office,Technology,Laptop,6,786.59,0.15,-30.51
761,2024-05-15,Customer_39,North,Home Office,Office Supplies,Phone,6,1018.63,0.1,-118.86
762,2024-01-08,Customer_74,West,Consumer,Technology,Chair,9,467.46,0.1,-82.38
763,2024-02-16,Customer_73,South,Home Office,Office Supplies,Chair,10,234.73,0.1,-14.86
764,2024-06-27,Customer_39,West,Corporate,Furniture,Binder,2,1320.5,0.1,69.09
765,2024-03-19,Customer_71,East,Consumer,Technology,Monitor,5,1268.68,0.15,172.26
766,2023-07-04,Customer_82,North,Home Office,Office Supplies,Table,10,1023.45,0.15,-67.58
767,2024-06-29,Customer_20,West,Home Office,Office Supplies,Laptop,9,441.26,0.15,-55.66
768,2024-12-02,Customer_37,East,Corporate,Technology,Binder,2,1286.16,0.15,-85.57
769,2024-10-23,Customer_32,South,Corporate,Office Supplies,Phone,7,515.04,0.05,-53.59
770,2023-11-14,Customer_35,West,Corporate,Office Supplies,Monitor,7,1311.5,0.0,-129.84
771,2023-05-20,Customer_8,North,Corporate,Technology,Table,1,1929.38,0.15,368.74
772,2023-03-27,Customer_93,East,Home Office,Technology,Chair,7,1798.71,0.0,-2.79
773,2023-05-24,Customer_68,South,Consumer,Office Supplies,Chair,9,1345.22,0.2,369.72
774,2023-09-15,Customer_96,West,Consumer,Furniture,Chair,6,692.11,0.2,116.7
775,2023-08-30,Customer_33,West,Consumer,Furniture,Chair,3,467.51,0.1,9.23
776,2024-08-26,Customer_32,North,Corporate,Office Supplies,Binder,2,667.16,0.15,24.97
777,2023-10-12,Customer_95,South,Corporate,Technology,Binder,5,91.09,0.2,-16.63
778,2024-11-09,Customer_90,North,Home Office,Office Supplies,Phone,5,1127.82,0.1,134.75
779,2024-01-07,Customer_33,North,Home Office,Furniture,Keyboard,7,65.34,0.15,17.23
780,2023-11-05,Customer_99,North,Consumer,Technology,Phone,3,1835.99,0.1,440.15
781,2024-10-21,Customer_43,West,Consumer,Technology,Chair,8,968.63,0.15,254.99
782,2024-03-08,Customer_71,North,Consumer,Office Supplies,Printer,9,179.42,0.15,18.13
783,2023-12-01,Customer_26,West,Home Office,Furniture,Laptop,3,1278.8,0.05,-253.79
784,2024-10-05,Customer_99,East,Corporate,Office Supplies,Chair,2,357.75,0.2,56.09
785,2024-10-26,Customer_88,South,Home Office,Office Supplies,Monitor,6,930.41,0.05,-64.81
786,2024-08-30,Customer_74,East,Corporate,Furniture,Chair,7,766.82,0.15,182.65
787,2023-08-18,Customer_22,North,Consumer,Office Supplies,Phone,2,1949.55,0.05,-134.73
788,2023-02-20,Customer_73,West,Home Office,Technology,Printer,3,223.67,0.1,-25.71
789,2023-05-01,Customer_92,North,Home Office,Office Supplies,Monitor,8,1663.15,0.15,-234.08
790,2023-07-28,Customer_37,South,Corporate,Technology,Keyboard,7,303.89,0.05,30.4
791,2024-11-24,Customer_58,South,Corporate,Furniture,Monitor,3,106.11,0.1,-8.73
792,2023-09-12,Customer_89,East,Home Office,Office Supplies,Keyboard,2,70.12,0.05,16.53
793,2024-02-12,Customer_7,South,Home Office,Technology,Monitor,10,549.64,0.0,43.15
794,2023-12-07,Customer_51,South,Corporate,Technology,Laptop,1,544.63,0.2,-5.19
795,2024-11-18,Customer_44,East,Consumer,Office Supplies,Laptop,10,399.78,0.05,20.74
796,2024-04-24,Customer_17,South,Consumer,Technology,Monitor,3,557.79,0.1,-99.24
797,2024-05-26,Customer_98,East,Home Office,Technology,Monitor,5,1810.45,0.1,192.75
798,2023-09-28,Customer_85,East,Corporate,Furniture,Binder,8,1539.17,0.05,119.8
799,2024-10-13,Customer_21,West,Consumer,Furniture,Table,1,498.23,0.0,17.5
800,2024-12-23,Customer_64,West,Corporate,Furniture,Keyboard,1,910.96,0.2,38.81
